credits_used,keyword_used
5,photography services in carshalton,2023-11-13
5,photography services in carshalton,2023-11-13
5,photography services in carshalton,2023-11-13
5,photography services in carshalton,2023-11-13
25,photography services in carshalton,2023-11-13
5,photography services in carshalton,2023-11-13
5,photography services in wallignton,2023-11-13
15,vehicle repair centres in carshalton,2023-11-13
15,parking in carshalton,2023-11-13
15,vehicle service centres in carshalton,2023-11-13
15,lawn & garden services in carshalton,2023-11-13
15,home improvement stores in carshalton,2023-11-13
15,interior designers in carshalton,2023-11-13
15,tradespeople in carshalton,2023-11-13
